Class	ngPerArea
Sesquiterpenes	0.000001134364
Aliphatics	0.00001160788
Monoterpenes	0.000003573944
Irregular terpenes	0.000003573944
Benzenoids	0.000002237799
